RecruiterID,Recruiter,YearMonth,Sourced,OutreachAttempts,ApplicationsFirstContacted,ApplicationsWithOutreach,Submissions,ApplicationsInterviewed,InterviewRounds,Hires,FilledJobs,AsOfDate,NewRequirements,RequirementsWithSubmissions,RequirementsEnteredHold,HoldTransitions,OpenRequirementsAtMonthEnd,OnHoldRequirementsAtMonthEnd
R01,Priya,2024-01,59,113,52,52,17,5,5,0,0,2026-10-05,2,1,0,0,2,0
R01,Priya,2024-02,59,112,48,55,31,14,28,2,0,2026-10-05,1,2,1,1,3,0
R01,Priya,2024-03,59,110,45,46,24,21,36,11,1,2026-10-05,1,2,1,1,3,0
R01,Priya,2024-04,59,140,52,57,23,10,18,1,0,2026-10-05,1,2,1,1,3,0
R01,Priya,2024-05,59,146,54,60,34,15,29,5,0,2026-10-05,1,2,0,0,4,0
R01,Priya,2024-06,59,125,50,52,32,19,32,5,1,2026-10-05,1,2,1,1,3,0
R01,Priya,2024-07,59,114,46,48,23,13,27,3,0,2026-10-05,1,2,0,0,3,0
R01,Priya,2024-08,59,122,52,56,32,12,24,7,0,2026-10-05,1,2,0,0,4,0
R01,Priya,2024-09,59,124,49,51,28,13,20,1,0,2026-10-05,1,2,1,1,4,0
R01,Priya,2024-10,59,131,55,58,24,14,27,4,1,2026-10-05,1,2,0,0,3,0
R01,Priya,2024-11,59,122,48,55,30,17,32,3,0,2026-10-05,1,2,0,0,3,0
R01,Priya,2024-12,59,149,51,55,31,23,45,5,0,2026-10-05,1,2,0,0,4,0
R01,Priya,2025-01,59,101,46,48,25,19,41,5,0,2026-10-05,1,2,0,0,4,0
R01,Priya,2025-02,59,132,52,59,29,13,23,5,0,2026-10-05,1,2,1,1,4,0
R01,Priya,2025-03,59,124,50,58,31,17,34,6,0,2026-10-05,1,2,0,0,4,0
R01,Priya,2025-04,59,115,49,54,25,19,36,6,1,2026-10-05,1,2,1,1,3,0
R01,Priya,2025-05,59,122,47,51,26,16,26,2,0,2026-10-05,1,2,0,0,3,0
R01,Priya,2025-06,59,125,49,53,26,13,21,4,0,2026-10-05,1,2,0,0,4,0
R01,Priya,2025-07,59,129,48,53,27,19,35,6,0,2026-10-05,1,2,1,1,4,0
R01,Priya,2025-08,59,127,53,56,29,15,29,6,1,2026-10-05,1,2,1,1,3,0
R01,Priya,2025-09,59,118,48,52,30,15,32,7,1,2026-10-05,1,2,1,1,3,0
R01,Priya,2025-10,59,125,49,56,31,23,46,5,0,2026-10-05,1,2,0,0,3,0
R01,Priya,2025-11,59,106,47,52,24,12,18,3,0,2026-10-05,1,2,1,1,4,0
R01,Priya,2025-12,59,105,47,50,30,18,35,2,0,2026-10-05,1,2,0,0,4,0
R01,Priya,2026-01,59,120,49,54,25,14,24,5,1,2026-10-05,1,2,1,1,3,0
R01,Priya,2026-02,59,127,52,56,24,13,25,6,0,2026-10-05,1,2,0,0,3,0
R01,Priya,2026-03,59,128,54,59,31,20,38,8,0,2026-10-05,1,2,0,0,4,0
R01,Priya,2026-04,59,128,50,54,30,18,27,7,0,2026-10-05,1,2,1,1,4,0
R01,Priya,2026-05,58,126,51,55,21,13,20,8,0,2026-10-05,1,2,0,0,4,0
R01,Priya,2026-06,58,120,52,57,30,20,40,4,0,2026-10-05,1,2,1,1,4,0
R01,Priya,2026-07,58,137,55,59,30,22,34,9,1,2026-10-05,1,2,1,1,3,0
R01,Priya,2026-08,58,132,51,57,27,17,34,6,1,2026-10-05,1,2,0,0,2,0
R01,Priya,2026-09,58,108,46,51,26,11,23,5,0,2026-10-05,1,2,1,1,3,0
R01,Priya,2026-10,58,65,39,42,8,3,3,1,0,2026-10-05,0,2,1,1,2,1
R02,Rahul,2024-01,59,106,52,52,16,6,10,1,0,2026-10-05,2,1,0,0,2,0
R02,Rahul,2024-02,59,125,53,61,30,16,27,3,0,2026-10-05,1,2,0,0,3,0
R02,Rahul,2024-03,59,117,49,53,30,21,37,9,1,2026-10-05,1,2,1,1,3,0
R02,Rahul,2024-04,59,143,54,58,40,20,41,6,1,2026-10-05,1,2,0,0,3,0
R02,Rahul,2024-05,59,131,50,59,33,23,43,7,0,2026-10-05,1,2,0,0,3,0
R02,Rahul,2024-06,59,101,46,51,26,18,28,4,1,2026-10-05,1,2,1,1,3,0
R02,Rahul,2024-07,59,110,46,51,21,18,30,4,0,2026-10-05,1,2,0,0,3,0
R02,Rahul,2024-08,59,126,48,54,34,19,29,6,0,2026-10-05,1,2,1,1,4,0
R02,Rahul,2024-09,59,125,52,59,34,21,37,6,0,2026-10-05,1,2,0,0,4,0
R02,Rahul,2024-10,59,139,50,56,22,19,38,6,2,2026-10-05,1,2,1,1,2,0
R02,Rahul,2024-11,59,121,50,53,33,17,25,4,0,2026-10-05,1,2,0,0,3,0
R02,Rahul,2024-12,59,138,52,56,27,17,32,3,1,2026-10-05,1,2,1,1,3,0
R02,Rahul,2025-01,59,126,48,53,30,20,31,6,1,2026-10-05,1,2,0,0,2,0
R02,Rahul,2025-02,59,100,48,51,23,13,20,4,0,2026-10-05,1,2,0,0,3,0
R02,Rahul,2025-03,59,128,53,60,28,21,40,7,0,2026-10-05,1,2,0,0,4,0
R02,Rahul,2025-04,59,110,46,52,25,22,41,5,0,2026-10-05,1,2,1,1,4,0
R02,Rahul,2025-05,59,140,51,60,37,20,34,8,1,2026-10-05,1,2,1,1,3,0
R02,Rahul,2025-06,59,147,56,61,26,19,32,5,0,2026-10-05,1,2,0,0,3,0
R02,Rahul,2025-07,59,130,48,58,29,20,33,7,1,2026-10-05,1,2,0,0,3,0
R02,Rahul,2025-08,59,111,45,50,27,15,26,5,0,2026-10-05,1,2,0,0,3,0
R02,Rahul,2025-09,59,114,47,52,32,15,25,6,0,2026-10-05,1,2,0,0,4,0
R02,Rahul,2025-10,59,118,48,52,27,20,34,4,0,2026-10-05,1,2,0,0,4,0
R02,Rahul,2025-11,59,133,54,61,27,12,22,6,0,2026-10-05,1,2,0,0,4,0
R02,Rahul,2025-12,59,131,47,54,28,14,24,6,1,2026-10-05,1,2,1,1,3,0
R02,Rahul,2026-01,59,122,45,52,25,18,40,7,1,2026-10-05,1,2,0,0,2,0
R02,Rahul,2026-02,59,122,55,57,27,12,17,5,0,2026-10-05,1,2,0,0,3,0
R02,Rahul,2026-03,59,102,43,50,21,17,27,6,0,2026-10-05,1,2,1,1,4,0
R02,Rahul,2026-04,59,116,45,50,27,19,38,7,1,2026-10-05,1,2,1,1,3,0
R02,Rahul,2026-05,58,130,50,57,28,15,24,5,1,2026-10-05,1,2,0,0,2,0
R02,Rahul,2026-06,58,130,52,58,33,22,36,5,1,2026-10-05,1,2,0,0,2,0
R02,Rahul,2026-07,58,127,47,58,32,23,47,7,1,2026-10-05,1,2,0,0,2,0
R02,Rahul,2026-08,58,137,52,60,32,18,29,7,0,2026-10-05,1,2,0,0,3,0
R02,Rahul,2026-09,58,120,51,54,29,8,10,4,0,2026-10-05,1,2,0,0,4,0
R02,Rahul,2026-10,58,56,35,40,6,5,5,1,0,2026-10-05,0,1,0,0,4,0
R03,Sarah,2024-01,59,125,53,53,22,10,16,1,0,2026-10-05,2,1,0,0,2,0
R03,Sarah,2024-02,59,131,51,58,22,12,18,4,0,2026-10-05,1,2,0,0,3,0
R03,Sarah,2024-03,59,137,54,61,28,15,28,5,0,2026-10-05,1,2,1,1,4,0
R03,Sarah,2024-04,59,132,51,56,30,13,20,4,0,2026-10-05,1,2,0,0,4,0
R03,Sarah,2024-05,59,116,50,53,36,21,38,5,0,2026-10-05,1,2,1,1,4,0
R03,Sarah,2024-06,59,128,55,62,31,21,30,7,1,2026-10-05,1,2,0,0,3,0
R03,Sarah,2024-07,59,134,53,57,34,26,40,11,0,2026-10-05,1,2,1,1,3,0
R03,Sarah,2024-08,59,117,50,54,27,17,27,5,0,2026-10-05,1,2,1,1,4,0
R03,Sarah,2024-09,59,126,50,57,30,18,36,7,0,2026-10-05,1,2,0,0,4,0
R03,Sarah,2024-10,59,120,45,50,31,26,48,6,2,2026-10-05,1,2,0,0,2,0
R03,Sarah,2024-11,59,128,54,58,27,17,30,8,0,2026-10-05,1,2,0,0,3,0
R03,Sarah,2024-12,59,124,47,52,35,23,45,7,1,2026-10-05,1,2,1,1,3,0
R03,Sarah,2025-01,59,96,45,49,24,17,28,7,1,2026-10-05,1,2,0,0,2,0
R03,Sarah,2025-02,59,142,53,57,33,16,25,5,0,2026-10-05,1,2,1,1,3,0
R03,Sarah,2025-03,59,140,53,60,38,18,38,7,1,2026-10-05,1,2,0,0,3,0
R03,Sarah,2025-04,59,135,55,59,32,12,22,7,0,2026-10-05,1,2,1,1,3,0
R03,Sarah,2025-05,59,134,52,57,22,21,34,8,0,2026-10-05,1,2,1,1,4,0
R03,Sarah,2025-06,59,128,54,57,35,17,28,1,0,2026-10-05,1,2,0,0,4,0
R03,Sarah,2025-07,59,117,49,54,28,19,28,7,1,2026-10-05,1,2,1,1,3,0
R03,Sarah,2025-08,59,127,53,58,33,19,32,5,0,2026-10-05,1,2,0,0,3,0
R03,Sarah,2025-09,59,132,50,57,32,19,32,4,1,2026-10-05,1,2,0,0,3,0
R03,Sarah,2025-10,59,129,52,56,21,10,17,2,0,2026-10-05,1,2,1,1,4,0
R03,Sarah,2025-11,59,122,44,51,26,15,29,6,1,2026-10-05,1,2,0,0,3,0
R03,Sarah,2025-12,59,128,53,56,24,15,24,5,1,2026-10-05,1,2,1,1,2,0
R03,Sarah,2026-01,59,138,52,58,32,25,39,8,1,2026-10-05,1,2,0,0,2,0
R03,Sarah,2026-02,59,117,48,54,25,13,23,6,0,2026-10-05,1,2,0,0,3,0
R03,Sarah,2026-03,59,127,45,56,28,17,35,4,0,2026-10-05,1,2,1,1,4,0
R03,Sarah,2026-04,59,121,50,53,26,17,30,9,1,2026-10-05,1,2,1,1,3,0
R03,Sarah,2026-05,58,111,47,52,17,7,12,3,0,2026-10-05,1,2,1,1,3,0
R03,Sarah,2026-06,58,136,48,52,23,11,19,3,0,2026-10-05,1,2,0,0,4,0
R03,Sarah,2026-07,58,126,49,54,37,20,32,5,0,2026-10-05,1,2,0,0,4,0
R03,Sarah,2026-08,58,123,47,52,26,19,39,6,1,2026-10-05,1,2,1,1,3,0
R03,Sarah,2026-09,58,117,49,54,24,16,29,5,1,2026-10-05,1,2,0,0,2,0
R03,Sarah,2026-10,58,63,38,41,13,4,4,0,0,2026-10-05,0,2,1,1,1,1
R04,Alex,2024-01,59,107,47,47,22,8,13,2,0,2026-10-05,2,1,0,0,2,0
R04,Alex,2024-02,59,118,51,57,36,21,37,6,1,2026-10-05,1,2,0,0,2,0
R04,Alex,2024-03,59,116,48,53,29,21,39,3,0,2026-10-05,1,2,1,1,3,0
R04,Alex,2024-04,59,134,55,57,25,19,32,7,0,2026-10-05,1,2,0,0,4,0
R04,Alex,2024-05,59,139,52,59,31,18,29,9,1,2026-10-05,1,2,1,1,3,0
R04,Alex,2024-06,59,113,51,56,31,17,32,4,0,2026-10-05,1,2,1,1,4,0
R04,Alex,2024-07,59,103,42,50,28,16,30,6,1,2026-10-05,1,2,0,0,3,0
R04,Alex,2024-08,59,119,53,58,32,20,41,5,0,2026-10-05,1,2,0,0,3,0
R04,Alex,2024-09,59,124,50,52,30,24,47,9,1,2026-10-05,1,2,0,0,3,0
R04,Alex,2024-10,59,122,47,51,35,25,48,5,1,2026-10-05,1,2,0,0,2,0
R04,Alex,2024-11,59,118,50,54,27,15,24,7,0,2026-10-05,1,2,1,1,3,0
R04,Alex,2024-12,59,119,48,54,30,18,31,6,1,2026-10-05,1,2,0,0,3,0
R04,Alex,2025-01,59,130,49,55,34,25,38,7,1,2026-10-05,1,2,0,0,2,0
R04,Alex,2025-02,59,124,52,56,32,28,45,6,0,2026-10-05,1,2,1,1,3,0
R04,Alex,2025-03,59,114,46,55,39,33,52,8,1,2026-10-05,1,2,1,1,3,0
R04,Alex,2025-04,59,97,43,46,27,21,36,3,0,2026-10-05,1,2,0,0,3,0
R04,Alex,2025-05,59,110,49,52,32,29,48,6,0,2026-10-05,1,2,1,1,4,0
R04,Alex,2025-06,59,123,51,54,26,17,32,8,1,2026-10-05,1,2,0,0,3,0
R04,Alex,2025-07,59,128,49,54,24,24,40,7,0,2026-10-05,1,2,0,0,3,0
R04,Alex,2025-08,59,122,48,51,29,19,36,3,0,2026-10-05,1,2,0,0,4,0
R04,Alex,2025-09,59,134,49,51,29,18,32,7,1,2026-10-05,1,2,0,0,3,0
R04,Alex,2025-10,59,123,50,55,25,20,31,8,0,2026-10-05,1,2,1,1,3,0
R04,Alex,2025-11,59,113,44,48,21,18,29,7,0,2026-10-05,1,2,1,1,4,0
R04,Alex,2025-12,59,104,44,51,23,19,31,6,1,2026-10-05,1,2,1,1,3,0
R04,Alex,2026-01,59,137,55,60,34,19,35,7,0,2026-10-05,1,2,1,1,3,0
R04,Alex,2026-02,59,134,54,58,32,23,45,7,0,2026-10-05,1,2,0,0,4,0
R04,Alex,2026-03,59,129,45,53,32,26,40,11,0,2026-10-05,1,2,1,1,4,0
R04,Alex,2026-04,59,110,49,53,24,19,32,6,2,2026-10-05,1,2,0,0,2,0
R04,Alex,2026-05,58,130,52,56,26,13,23,4,1,2026-10-05,1,2,1,1,2,0
R04,Alex,2026-06,58,112,46,52,33,18,25,7,1,2026-10-05,1,2,0,0,2,0
R04,Alex,2026-07,58,118,50,54,33,20,37,4,1,2026-10-05,1,2,1,1,2,0
R04,Alex,2026-08,58,117,48,53,26,21,34,3,0,2026-10-05,1,2,1,1,3,0
R04,Alex,2026-09,58,134,50,57,33,20,36,9,0,2026-10-05,1,2,0,0,4,0
R04,Alex,2026-10,58,63,41,46,6,4,5,2,0,2026-10-05,0,1,0,0,4,0
R05,Maya,2024-01,59,97,44,44,22,7,12,2,0,2026-10-05,2,1,0,0,2,0
R05,Maya,2024-02,59,127,52,58,32,24,44,6,0,2026-10-05,1,2,0,0,3,0
R05,Maya,2024-03,59,113,47,51,33,25,45,8,2,2026-10-05,1,2,1,1,2,0
R05,Maya,2024-04,59,121,49,55,25,17,31,7,0,2026-10-05,1,2,0,0,3,0
R05,Maya,2024-05,59,116,47,52,32,19,34,2,0,2026-10-05,1,2,0,0,4,0
R05,Maya,2024-06,59,130,55,62,33,24,46,7,0,2026-10-05,1,2,0,0,4,0
R05,Maya,2024-07,59,117,45,52,32,19,39,4,1,2026-10-05,1,2,1,1,3,0
R05,Maya,2024-08,59,134,58,63,37,24,42,9,0,2026-10-05,1,2,0,0,3,0
R05,Maya,2024-09,59,120,50,54,28,29,61,9,1,2026-10-05,1,2,0,0,3,0
R05,Maya,2024-10,59,114,42,48,29,11,17,5,1,2026-10-05,1,2,0,0,3,0
R05,Maya,2024-11,59,130,53,58,41,23,43,2,0,2026-10-05,1,2,0,0,3,0
R05,Maya,2024-12,59,131,55,61,33,25,50,9,1,2026-10-05,1,2,0,0,3,0
R05,Maya,2025-01,59,124,49,54,29,15,26,4,0,2026-10-05,1,2,1,1,3,0
R05,Maya,2025-02,59,134,53,58,32,20,40,6,0,2026-10-05,1,2,0,0,4,0
R05,Maya,2025-03,59,132,48,53,32,25,46,7,1,2026-10-05,1,2,1,1,3,0
R05,Maya,2025-04,59,119,49,52,24,20,31,5,0,2026-10-05,1,2,0,0,4,0
R05,Maya,2025-05,59,115,45,53,30,23,38,7,0,2026-10-05,1,2,0,0,4,0
R05,Maya,2025-06,59,107,47,48,28,19,35,5,0,2026-10-05,1,2,0,0,4,0
R05,Maya,2025-07,59,110,47,49,33,23,35,8,1,2026-10-05,1,2,1,1,3,0
R05,Maya,2025-08,59,130,52,57,33,26,50,8,0,2026-10-05,1,2,0,0,3,0
R05,Maya,2025-09,59,118,48,53,36,22,41,5,1,2026-10-05,1,2,0,0,3,0
R05,Maya,2025-10,59,121,53,56,36,28,50,6,0,2026-10-05,1,2,1,1,4,0
R05,Maya,2025-11,59,127,50,55,28,28,50,9,1,2026-10-05,1,2,0,0,3,0
R05,Maya,2025-12,59,147,55,58,38,22,34,9,0,2026-10-05,1,2,1,1,3,0
R05,Maya,2026-01,59,128,50,57,21,17,33,5,1,2026-10-05,1,2,1,1,3,0
R05,Maya,2026-02,59,114,47,52,34,25,45,6,0,2026-10-05,1,2,1,1,3,0
R05,Maya,2026-03,59,127,51,55,36,23,39,11,1,2026-10-05,1,2,0,0,3,0
R05,Maya,2026-04,59,109,53,57,34,38,65,3,1,2026-10-05,1,2,1,1,2,0
R05,Maya,2026-05,58,111,45,51,28,16,21,11,1,2026-10-05,1,2,1,1,2,0
R05,Maya,2026-06,58,129,52,58,31,20,41,5,1,2026-10-05,1,2,0,0,2,0
R05,Maya,2026-07,58,111,45,49,26,23,40,3,0,2026-10-05,1,2,1,1,3,0
R05,Maya,2026-08,58,132,54,61,38,22,37,4,0,2026-10-05,1,2,1,1,3,1
R05,Maya,2026-09,58,133,47,54,38,22,43,5,0,2026-10-05,1,2,0,0,3,1
R05,Maya,2026-10,58,64,38,42,5,5,5,1,0,2026-10-05,0,1,1,1,2,2
R06,Daniel,2024-01,59,113,49,49,16,3,5,0,0,2026-10-05,2,1,1,1,2,0
R06,Daniel,2024-02,59,116,52,58,27,14,19,4,0,2026-10-05,1,2,1,1,3,0
R06,Daniel,2024-03,59,134,51,56,41,20,43,7,0,2026-10-05,1,2,1,1,4,0
R06,Daniel,2024-04,59,135,55,59,38,19,33,7,1,2026-10-05,1,2,1,1,3,0
R06,Daniel,2024-05,59,123,51,57,39,23,36,9,0,2026-10-05,1,2,0,0,4,0
R06,Daniel,2024-06,59,99,41,45,25,15,31,6,0,2026-10-05,1,2,0,0,4,0
R06,Daniel,2024-07,59,134,53,56,35,17,33,6,1,2026-10-05,1,2,1,1,3,0
R06,Daniel,2024-08,59,103,48,53,36,20,31,5,0,2026-10-05,1,2,0,0,4,0
R06,Daniel,2024-09,59,136,53,59,36,21,39,5,1,2026-10-05,1,2,0,0,3,0
R06,Daniel,2024-10,59,112,46,51,27,14,22,5,1,2026-10-05,1,2,1,1,2,0
R06,Daniel,2024-11,59,122,48,51,33,16,31,4,0,2026-10-05,1,2,1,1,3,0
R06,Daniel,2024-12,59,119,48,52,34,20,38,4,0,2026-10-05,1,2,0,0,4,0
R06,Daniel,2025-01,59,126,49,55,29,20,39,5,1,2026-10-05,1,2,1,1,3,0
R06,Daniel,2025-02,59,127,49,56,40,19,32,8,1,2026-10-05,1,2,0,0,2,0
R06,Daniel,2025-03,59,145,58,61,26,18,34,7,1,2026-10-05,1,2,0,0,2,0
R06,Daniel,2025-04,59,122,48,53,35,23,41,5,1,2026-10-05,1,2,0,0,2,0
R06,Daniel,2025-05,59,122,48,56,42,20,38,7,1,2026-10-05,1,2,0,0,2,0
R06,Daniel,2025-06,59,119,48,51,34,22,41,8,0,2026-10-05,1,2,1,1,3,0
R06,Daniel,2025-07,59,134,52,54,31,23,39,6,1,2026-10-05,1,2,0,0,3,0
R06,Daniel,2025-08,59,125,51,54,36,25,45,3,0,2026-10-05,1,2,0,0,4,0
R06,Daniel,2025-09,59,130,49,54,24,17,30,4,0,2026-10-05,1,2,0,0,4,0
R06,Daniel,2025-10,59,133,50,51,33,16,30,9,0,2026-10-05,1,2,0,0,4,0
R06,Daniel,2025-11,59,114,51,54,30,18,35,6,1,2026-10-05,1,2,0,0,3,0
R06,Daniel,2025-12,59,135,54,58,35,17,29,4,0,2026-10-05,1,2,1,1,3,0
R06,Daniel,2026-01,59,122,52,57,35,24,45,9,1,2026-10-05,1,2,0,0,3,0
R06,Daniel,2026-02,59,118,48,53,27,19,31,7,0,2026-10-05,1,2,1,1,3,0
R06,Daniel,2026-03,59,127,56,60,39,22,36,7,1,2026-10-05,1,2,1,1,3,0
R06,Daniel,2026-04,59,121,50,56,31,23,37,5,0,2026-10-05,1,2,0,0,3,0
R06,Daniel,2026-05,58,126,52,59,38,22,43,10,2,2026-10-05,1,2,0,0,2,0
R06,Daniel,2026-06,58,131,48,53,32,18,27,7,1,2026-10-05,1,2,0,0,2,0
R06,Daniel,2026-07,58,118,47,50,32,17,32,4,0,2026-10-05,1,2,0,0,3,0
R06,Daniel,2026-08,58,134,55,59,45,30,53,6,1,2026-10-05,1,2,0,0,3,0
R06,Daniel,2026-09,58,121,52,54,36,24,33,8,1,2026-10-05,1,2,0,0,2,0
R06,Daniel,2026-10,58,58,30,36,8,8,10,2,0,2026-10-05,0,1,0,0,2,0
R07,Neha,2024-01,59,105,49,49,18,8,14,0,0,2026-10-05,2,1,0,0,2,0
R07,Neha,2024-02,59,111,46,48,19,9,16,4,0,2026-10-05,1,2,0,0,3,0
R07,Neha,2024-03,59,123,52,58,28,16,26,9,1,2026-10-05,1,2,0,0,3,0
R07,Neha,2024-04,59,119,45,50,25,20,37,7,0,2026-10-05,1,2,0,0,3,0
R07,Neha,2024-05,59,122,48,53,24,18,34,6,0,2026-10-05,1,2,1,1,4,0
R07,Neha,2024-06,59,108,44,53,23,11,19,6,0,2026-10-05,1,2,0,0,4,0
R07,Neha,2024-07,59,131,51,54,22,9,17,4,0,2026-10-05,1,2,1,1,4,0
R07,Neha,2024-08,59,114,48,56,30,19,40,4,0,2026-10-05,1,2,0,0,4,0
R07,Neha,2024-09,59,123,50,56,25,18,37,7,0,2026-10-05,1,2,0,0,4,0
R07,Neha,2024-10,59,138,54,56,37,22,38,9,1,2026-10-05,1,2,1,1,3,0
R07,Neha,2024-11,59,119,50,55,28,18,27,5,1,2026-10-05,1,2,0,0,2,0
R07,Neha,2024-12,59,136,54,61,26,17,27,7,0,2026-10-05,1,2,0,0,3,0
R07,Neha,2025-01,59,110,44,49,32,25,48,10,1,2026-10-05,1,2,0,0,3,0
R07,Neha,2025-02,59,108,46,50,24,17,28,6,0,2026-10-05,1,2,0,0,3,0
R07,Neha,2025-03,59,115,50,57,20,15,31,9,0,2026-10-05,1,2,0,0,4,0
R07,Neha,2025-04,59,117,48,50,27,12,24,2,0,2026-10-05,1,2,1,1,4,0
R07,Neha,2025-05,59,124,49,53,25,22,39,7,1,2026-10-05,1,2,1,1,3,0
R07,Neha,2025-06,59,117,49,53,24,21,38,5,0,2026-10-05,1,2,1,1,3,0
R07,Neha,2025-07,59,113,47,52,28,11,18,7,1,2026-10-05,1,2,1,1,3,0
R07,Neha,2025-08,59,122,49,53,29,19,32,5,0,2026-10-05,1,2,0,0,4,0
R07,Neha,2025-09,59,121,46,49,32,14,25,4,1,2026-10-05,1,2,1,1,3,0
R07,Neha,2025-10,59,130,54,57,30,21,38,5,0,2026-10-05,1,2,1,1,3,0
R07,Neha,2025-11,59,118,49,55,23,16,25,5,0,2026-10-05,1,2,0,0,4,0
R07,Neha,2025-12,59,122,52,55,34,20,46,7,1,2026-10-05,1,2,0,0,3,0
R07,Neha,2026-01,59,127,49,55,24,15,24,7,1,2026-10-05,1,2,1,1,3,0
R07,Neha,2026-02,59,135,47,55,19,10,21,5,1,2026-10-05,1,2,1,1,2,0
R07,Neha,2026-03,59,110,48,54,29,15,27,2,0,2026-10-05,1,2,0,0,3,0
R07,Neha,2026-04,59,103,51,52,22,16,28,7,0,2026-10-05,1,2,1,1,4,0
R07,Neha,2026-05,58,128,49,55,29,14,26,8,0,2026-10-05,1,2,1,1,4,0
R07,Neha,2026-06,58,135,55,58,31,19,26,7,1,2026-10-05,1,2,1,1,3,0
R07,Neha,2026-07,58,110,46,51,24,18,33,7,1,2026-10-05,1,2,1,1,2,0
R07,Neha,2026-08,58,131,51,55,24,12,20,6,0,2026-10-05,1,2,0,0,3,0
R07,Neha,2026-09,58,103,40,46,17,10,16,6,0,2026-10-05,1,2,1,1,3,1
R07,Neha,2026-10,58,66,43,47,4,4,4,1,0,2026-10-05,0,1,1,1,2,2
R08,James,2024-01,59,106,48,48,18,5,11,0,0,2026-10-05,2,1,0,0,2,0
R08,James,2024-02,59,133,52,57,28,17,30,6,0,2026-10-05,1,2,1,1,3,0
R08,James,2024-03,59,105,44,50,30,18,31,8,0,2026-10-05,1,2,1,1,4,0
R08,James,2024-04,59,126,49,56,33,21,44,6,0,2026-10-05,1,2,0,0,4,0
R08,James,2024-05,59,133,53,57,34,23,43,10,2,2026-10-05,1,2,0,0,2,0
R08,James,2024-06,59,119,49,57,33,22,45,6,0,2026-10-05,1,2,0,0,3,0
R08,James,2024-07,59,106,46,49,26,15,24,4,1,2026-10-05,1,2,1,1,3,0
R08,James,2024-08,59,118,49,52,29,17,33,4,0,2026-10-05,1,2,1,1,4,0
R08,James,2024-09,59,124,49,55,26,18,35,5,2,2026-10-05,1,2,0,0,2,0
R08,James,2024-10,59,119,43,48,29,19,34,5,0,2026-10-05,1,2,0,0,3,0
R08,James,2024-11,59,142,51,54,19,14,21,4,0,2026-10-05,1,2,0,0,4,0
R08,James,2024-12,59,124,48,52,25,15,24,4,1,2026-10-05,1,2,0,0,3,0
R08,James,2025-01,59,116,48,51,26,21,37,6,0,2026-10-05,1,2,0,0,4,0
R08,James,2025-02,59,124,52,59,25,12,22,10,0,2026-10-05,1,2,0,0,4,0
R08,James,2025-03,59,138,51,58,32,22,41,5,2,2026-10-05,1,2,1,1,2,0
R08,James,2025-04,59,131,55,58,21,17,29,4,0,2026-10-05,1,2,1,1,3,0
R08,James,2025-05,59,114,43,51,22,11,15,3,0,2026-10-05,1,2,1,1,4,0
R08,James,2025-06,59,127,48,53,28,14,23,2,0,2026-10-05,1,2,0,0,4,0
R08,James,2025-07,59,147,54,58,28,20,32,3,0,2026-10-05,1,2,0,0,4,0
R08,James,2025-08,59,117,48,51,28,17,29,7,0,2026-10-05,1,2,0,0,4,0
R08,James,2025-09,59,121,48,51,27,11,17,5,1,2026-10-05,1,2,0,0,3,0
R08,James,2025-10,59,135,52,54,28,15,29,6,1,2026-10-05,1,2,0,0,2,0
R08,James,2025-11,59,145,52,58,45,19,39,3,0,2026-10-05,1,2,1,1,3,0
R08,James,2025-12,59,132,53,58,28,19,40,7,0,2026-10-05,1,2,0,0,4,0
R08,James,2026-01,59,120,48,54,29,17,29,12,0,2026-10-05,1,2,0,0,4,0
R08,James,2026-02,59,113,53,57,30,19,38,5,1,2026-10-05,1,2,1,1,3,0
R08,James,2026-03,59,118,48,51,29,26,45,8,0,2026-10-05,1,2,0,0,4,0
R08,James,2026-04,59,129,48,55,27,17,30,6,1,2026-10-05,1,2,1,1,3,0
R08,James,2026-05,58,130,53,57,26,24,49,8,0,2026-10-05,1,2,1,1,4,0
R08,James,2026-06,58,117,39,46,24,17,33,6,1,2026-10-05,1,2,0,0,3,0
R08,James,2026-07,58,114,45,48,21,6,10,1,0,2026-10-05,1,2,0,0,3,0
R08,James,2026-08,58,121,52,54,28,17,34,3,0,2026-10-05,1,2,1,1,4,0
R08,James,2026-09,58,125,49,54,22,13,23,9,1,2026-10-05,1,2,0,0,3,0
R08,James,2026-10,58,48,34,37,7,5,5,1,0,2026-10-05,0,2,0,0,3,0
R09,Olivia,2024-01,59,88,42,42,16,11,17,0,0,2026-10-05,2,1,0,0,2,0
R09,Olivia,2024-02,59,122,46,52,28,10,18,5,0,2026-10-05,1,2,0,0,3,0
R09,Olivia,2024-03,59,135,52,56,27,14,30,5,0,2026-10-05,1,2,1,1,4,0
R09,Olivia,2024-04,59,118,49,54,27,19,30,5,0,2026-10-05,1,2,0,0,4,0
R09,Olivia,2024-05,59,109,50,54,21,16,29,5,0,2026-10-05,1,2,0,0,4,0
R09,Olivia,2024-06,59,112,43,47,24,15,17,3,0,2026-10-05,1,2,0,0,4,0
R09,Olivia,2024-07,59,118,46,51,26,15,26,7,1,2026-10-05,1,2,0,0,3,0
R09,Olivia,2024-08,59,110,51,55,27,17,32,6,0,2026-10-05,1,2,0,0,3,0
R09,Olivia,2024-09,59,130,52,59,33,21,37,6,1,2026-10-05,1,2,1,1,3,0
R09,Olivia,2024-10,59,123,50,56,30,24,41,10,0,2026-10-05,1,2,1,1,4,0
R09,Olivia,2024-11,59,118,46,52,22,19,37,4,2,2026-10-05,1,2,1,1,2,0
R09,Olivia,2024-12,59,129,52,57,27,16,31,3,0,2026-10-05,1,2,1,1,3,0
R09,Olivia,2025-01,59,121,52,55,29,17,30,3,0,2026-10-05,1,2,1,1,4,0
R09,Olivia,2025-02,59,127,50,55,26,19,33,8,0,2026-10-05,1,2,1,1,4,0
R09,Olivia,2025-03,59,116,45,49,27,16,36,4,1,2026-10-05,1,2,0,0,3,0
R09,Olivia,2025-04,59,110,44,53,26,19,34,7,1,2026-10-05,1,2,1,1,2,0
R09,Olivia,2025-05,59,121,49,53,24,17,26,4,0,2026-10-05,1,2,0,0,3,0
R09,Olivia,2025-06,59,114,49,56,33,21,35,7,1,2026-10-05,1,2,0,0,3,0
R09,Olivia,2025-07,59,114,49,55,32,18,36,4,0,2026-10-05,1,2,0,0,3,0
R09,Olivia,2025-08,59,116,48,55,28,20,40,6,0,2026-10-05,1,2,1,1,4,0
R09,Olivia,2025-09,59,111,43,47,26,20,36,4,1,2026-10-05,1,2,0,0,3,0
R09,Olivia,2025-10,59,135,53,57,33,20,30,5,1,2026-10-05,1,2,0,0,3,0
R09,Olivia,2025-11,59,136,57,60,39,27,46,7,0,2026-10-05,1,2,1,1,3,0
R09,Olivia,2025-12,59,136,51,57,37,22,38,5,1,2026-10-05,1,2,1,1,3,0
R09,Olivia,2026-01,59,129,49,57,28,15,28,7,0,2026-10-05,1,2,1,1,3,0
R09,Olivia,2026-02,59,114,47,52,27,17,34,5,0,2026-10-05,1,2,1,1,4,0
R09,Olivia,2026-03,59,114,51,55,23,15,29,8,0,2026-10-05,1,2,1,1,4,0
R09,Olivia,2026-04,59,136,53,59,34,23,44,7,0,2026-10-05,1,2,0,0,4,0
R09,Olivia,2026-05,58,129,47,56,30,17,31,5,0,2026-10-05,1,2,0,0,4,0
R09,Olivia,2026-06,58,126,54,57,30,24,39,8,1,2026-10-05,1,2,0,0,3,0
R09,Olivia,2026-07,58,108,46,50,32,19,34,7,1,2026-10-05,1,2,0,0,2,0
R09,Olivia,2026-08,58,128,47,52,22,19,38,7,1,2026-10-05,1,2,0,0,2,0
R09,Olivia,2026-09,58,139,54,59,31,18,35,3,1,2026-10-05,1,2,0,0,2,0
R09,Olivia,2026-10,58,61,39,44,5,7,7,2,0,2026-10-05,0,1,1,1,1,1
R10,Arjun,2024-01,59,115,48,48,16,5,9,0,0,2026-10-05,2,1,1,1,2,0
R10,Arjun,2024-02,59,127,51,56,25,15,25,4,0,2026-10-05,1,2,0,0,3,0
R10,Arjun,2024-03,59,111,48,53,28,21,49,7,0,2026-10-05,1,2,0,0,4,0
R10,Arjun,2024-04,59,124,50,55,29,19,33,2,1,2026-10-05,1,2,0,0,3,0
R10,Arjun,2024-05,59,124,55,60,30,23,43,7,1,2026-10-05,1,2,0,0,3,0
R10,Arjun,2024-06,59,118,49,58,33,19,33,4,0,2026-10-05,1,2,0,0,3,0
R10,Arjun,2024-07,59,114,52,54,35,21,35,5,0,2026-10-05,1,2,0,0,4,0
R10,Arjun,2024-08,59,129,52,57,29,27,52,6,0,2026-10-05,1,2,1,1,4,0
R10,Arjun,2024-09,59,122,53,57,26,19,27,4,0,2026-10-05,1,2,0,0,4,0
R10,Arjun,2024-10,59,128,50,56,38,19,33,7,1,2026-10-05,1,2,1,1,3,0
R10,Arjun,2024-11,59,127,50,57,28,22,45,9,0,2026-10-05,1,2,0,0,3,0
R10,Arjun,2024-12,59,123,52,57,32,22,37,6,2,2026-10-05,1,2,1,1,2,0
R10,Arjun,2025-01,59,137,53,59,29,26,39,9,1,2026-10-05,1,2,0,0,2,0
R10,Arjun,2025-02,59,134,50,59,20,17,29,3,0,2026-10-05,1,2,0,0,3,0
R10,Arjun,2025-03,59,120,45,53,28,22,41,4,0,2026-10-05,1,2,1,1,4,0
R10,Arjun,2025-04,59,116,47,49,28,24,41,5,0,2026-10-05,1,2,1,1,4,0
R10,Arjun,2025-05,59,117,52,55,35,20,31,6,0,2026-10-05,1,2,0,0,4,0
R10,Arjun,2025-06,59,118,51,54,29,22,40,5,0,2026-10-05,1,2,0,0,4,0
R10,Arjun,2025-07,59,115,51,56,37,27,46,7,1,2026-10-05,1,2,0,0,3,0
R10,Arjun,2025-08,59,118,48,52,33,26,48,8,0,2026-10-05,1,2,0,0,3,0
R10,Arjun,2025-09,59,131,47,51,27,15,25,5,0,2026-10-05,1,2,0,0,4,0
R10,Arjun,2025-10,59,125,44,49,29,17,31,7,1,2026-10-05,1,2,1,1,3,0
R10,Arjun,2025-11,59,131,52,56,28,15,28,6,0,2026-10-05,1,2,1,1,3,0
R10,Arjun,2025-12,59,136,54,59,33,22,42,6,0,2026-10-05,1,2,0,0,4,0
R10,Arjun,2026-01,59,138,54,58,31,23,42,10,1,2026-10-05,1,2,0,0,3,0
R10,Arjun,2026-02,59,117,49,52,26,12,21,6,0,2026-10-05,1,2,1,1,3,0
R10,Arjun,2026-03,59,113,47,54,34,24,45,10,2,2026-10-05,1,2,1,1,2,0
R10,Arjun,2026-04,59,123,51,52,28,17,32,9,0,2026-10-05,1,2,0,0,3,0
R10,Arjun,2026-05,58,127,51,57,23,16,31,5,0,2026-10-05,1,2,1,1,4,0
R10,Arjun,2026-06,58,124,48,53,40,23,37,7,1,2026-10-05,1,2,0,0,3,0
R10,Arjun,2026-07,58,128,50,55,31,24,38,7,0,2026-10-05,1,2,0,0,3,0
R10,Arjun,2026-08,58,106,46,51,27,22,41,4,1,2026-10-05,1,2,1,1,3,0
R10,Arjun,2026-09,58,127,55,59,36,26,48,5,0,2026-10-05,1,2,0,0,4,0
R10,Arjun,2026-10,58,48,34,39,5,11,13,2,0,2026-10-05,0,1,0,0,4,0
