RecruiterID,Recruiter,RecruiterTitle,Team,Manager,StartDate
R01,Priya,Recruiter,Data and AI,Demo Manager A,2023-01-01
R02,Rahul,Senior Recruiter,Software Engineering,Demo Manager B,2023-01-01
R03,Sarah,Technical Recruiter,Data and AI,Demo Manager A,2023-01-01
R04,Alex,Recruiter,Software Engineering,Demo Manager B,2023-01-01
R05,Maya,Senior Recruiter,Data and AI,Demo Manager A,2023-01-01
R06,Daniel,Technical Recruiter,Software Engineering,Demo Manager B,2023-01-01
R07,Neha,Recruiter,Data and AI,Demo Manager A,2023-01-01
R08,James,Senior Recruiter,Software Engineering,Demo Manager B,2023-01-01
R09,Olivia,Technical Recruiter,Data and AI,Demo Manager A,2023-01-01
R10,Arjun,Recruiter,Software Engineering,Demo Manager B,2023-01-01
